"STT","Phase","Priority","Module","Task","Owner","Deadline","Estimate","API related","Deliverable","Status","Dependencies","Notes"
"1","MVP Core","P0","Homepage","Hoan thien trang chu dang lam","FE-HOMEPAGE","2026-05-11","1 day","GET /api/v1/homepage; GET /api/v1/products; GET /api/v1/categories; GET /api/v1/settings/public","Trang chu co header, hero/banner, section san pham, category, CTA, footer, responsive mobile","In progress","Settings public; Product list; Categories","Nhan vien dang lam trang chu phai xong ngay mai"
"2","MVP Core","P0","Homepage","Gan link dieu huong tu trang chu sang flow mua hang","FE-HOMEPAGE","2026-05-11","0.5 day","GET /api/v1/products; GET /api/v1/categories","Click duoc sang /products, /products/:slug, /categories/:slug, /cart","Todo","Product Listing routes","Trang chu la entry point cua MVP"
"3","MVP Core","P0","Client Base","Tao API client dung response EC/EM/DT","FE-01","2026-05-11","0.5 day","All APIs","Co apiClient, handle error, unwrap DT, config baseURL env","Todo","Backend base URL","Dung chung cho tat ca module client"
"4","MVP Core","P0","Client Base","Tao type chung cho API response, pagination, media, product list","FE-01","2026-05-11","0.5 day","GET /api/v1/products; GET /api/v1/settings/public","Co TypeScript types dung chung","Todo","API contract","Can bam ProductListItem da thong nhat"
"5","MVP Core","P0","Layout","Header client","FE-01","2026-05-11","0.5 day","GET /api/v1/settings/public; GET /api/v1/categories","Header co logo, menu, search icon, cart icon, hotline neu can","Todo","Settings public; Categories","Phai responsive mobile"
"6","MVP Core","P0","Layout","Footer client","FE-01","2026-05-12","0.5 day","GET /api/v1/settings/public","Footer co thong tin shop, hotline, social, chinh sach co ban","Todo","Settings public","Khong chan checkout neu chua day du noi dung"
"7","MVP Core","P0","Product Listing","Trang danh sach san pham","FE-02","2026-05-12","1 day","GET /api/v1/products","Grid/list san pham hien anh, ten, gia, sale price, status, pagination","Todo","API client; Product list output","Chi lay data nhe tu list API"
"8","MVP Core","P0","Product Listing","Pagination va empty/loading/error state","FE-02","2026-05-12","0.5 day","GET /api/v1/products?page=&limit=","Co loading skeleton, empty state, error state, pagination","Todo","Product Listing","Can dung pagination trong DT"
"9","MVP Core","P0","Category Products","Trang san pham theo danh muc","FE-02","2026-05-12","0.5 day","GET /api/v1/categories; GET /api/v1/categories/:slug/products","/categories/:slug hien san pham theo danh muc","Todo","Product Listing; Categories","Co breadcrumb co ban neu kip"
"10","MVP Core","P0","Search Filter Sort","Search san pham co ban","FE-02","2026-05-13","0.5 day","GET /api/v1/products?search=","Nhap keyword va hien ket qua san pham","Todo","Product Listing","Khong lam autocomplete trong MVP neu gap"
"11","MVP Core","P0","Search Filter Sort","Filter gia va sort","FE-02","2026-05-13","0.5 day","GET /api/v1/products?minPrice=&maxPrice=&sort=","Loc gia, sort newest, price asc, price desc","Todo","Product Listing","UI don gian de kip"
"12","MVP Core","P0","Product Detail","Trang chi tiet san pham","FE-02","2026-05-13","1 day","GET /api/v1/products/:slug","Hien ten, gia, sale, SKU, mo ta ngan/dai, category/tag neu co","Todo","Product Listing routes","Detail moi lay full data"
"13","MVP Core","P0","Product Detail","Gallery anh san pham","FE-02","2026-05-13","0.5 day","GET /api/v1/products/:slug","Hien gallery, chon anh, fallback no image","Todo","Product Detail","Can dung images tu detail API"
"14","MVP Core","P0","Product Detail","Chon variant size/mau neu co","FE-02","2026-05-14","0.5 day","GET /api/v1/products/:slug","Chon variant hop le truoc khi add cart","Todo","Product Detail; Cart API","Neu API detail chua co variants thi dung flow simple truoc"
"15","MVP Core","P0","Product Detail","Nut them gio hang va mua ngay","FE-02","2026-05-14","0.5 day","POST /api/v1/cart/items","Add cart tu detail, validate quantity","Todo","Cart API client","Mua ngay co the add cart roi sang checkout"
"16","MVP Core","P0","Cart","Trang gio hang","FE-03","2026-05-13","1 day","GET /api/v1/cart","Hien danh sach item, anh, ten, variant, gia, quantity, subtotal","Todo","API client","Session cart guest"
"17","MVP Core","P0","Cart","Them san pham vao gio","FE-03","2026-05-13","0.5 day","POST /api/v1/cart/items","Them simple/variant product vao cart thanh cong","Todo","Product Detail","Backend validate stock"
"18","MVP Core","P0","Cart","Cap nhat so luong va xoa item","FE-03","2026-05-14","0.5 day","PATCH /api/v1/cart/items/:id; DELETE /api/v1/cart/items/:id","Tang/giam quantity, xoa item, refresh totals","Todo","Cart page","Co loading per item"
"19","MVP Core","P0","Cart","Clear cart va cart badge","FE-03","2026-05-14","0.5 day","DELETE /api/v1/cart; GET /api/v1/cart","Clear cart, header badge cap nhat so luong","Todo","Header; Cart page","Badge co the tinh tu cart items"
"20","MVP Core","P0","Checkout","Trang checkout form","FE-03","2026-05-15","1 day","GET /api/v1/cart; POST /api/v1/checkout","Form ho ten, phone, email, dia chi, note, payment method","Todo","Cart page","Validate client co ban"
"21","MVP Core","P0","Checkout","Review don hang truoc khi dat","FE-03","2026-05-15","0.5 day","GET /api/v1/cart","Hien item, subtotal, ship fee, total","Todo","Cart API","Khong gui total tu FE lam source of truth"
"22","MVP Core","P0","Checkout","Dat hang COD/bank transfer","FE-03","2026-05-15","0.5 day","POST /api/v1/checkout","Tao order thanh cong va redirect success","Todo","Checkout form","Hien loi neu het hang/variant invalid"
"23","MVP Core","P0","Order Success","Trang dat hang thanh cong","FE-03","2026-05-15","0.5 day","POST /api/v1/checkout; GET /api/v1/orders/:code","Hien ma don, tong tien, thong tin thanh toan, CTA ve trang chu","Todo","Checkout","Can luu orderCode tu checkout response"
"24","MVP Core","P0","Order Tracking","Trang xem don bang ma don","FE-03","2026-05-16","0.5 day","GET /api/v1/orders/:code","Khach xem trang thai don va thong tin don","Todo","Order Success","Route /orders/:code"
"25","MVP Core","P0","Responsive QA","Kiem tra mobile cho homepage, list, detail, cart, checkout","ALL FE","2026-05-16","0.5 day","All public APIs","Khong vo layout tren mobile/tablet/desktop","Todo","All MVP pages","Uu tien iPhone width va desktop"
"26","MVP Core","P0","Integration QA","Test flow mua hang end-to-end","ALL FE","2026-05-16","0.5 day","Products; Cart; Checkout; Orders","Flow trang chu -> product -> cart -> checkout -> success chay duoc","Todo","All MVP pages","Ghi bug ro owner"
"27","MVP Core","P0","Deploy Preview","Deploy client preview cho test noi bo","FE-01","2026-05-16","0.5 day","ENV API base URL","Co link preview de test","Todo","MVP pages","Can set env API URL dung"
"28","MVP Plus","P1","Blog","Trang danh sach blog","FE-04","2026-05-17","0.5 day","GET /api/v1/blog","List bai viet, anh, title, excerpt, pagination","Todo","API client","Lam sau flow mua hang"
"29","MVP Plus","P1","Blog","Trang chi tiet blog","FE-04","2026-05-17","0.5 day","GET /api/v1/blog/:slug","Render noi dung bai viet, SEO co ban","Todo","Blog list","Can style noi dung doc duoc"
"30","MVP Plus","P1","Static Page","Trang lien he","FE-04","2026-05-17","0.5 day","GET /api/v1/settings/public","Hien hotline, dia chi, Zalo, Facebook, Google Maps","Todo","Settings public","Form contact co the de sau neu API chua co"
"31","MVP Plus","P1","Static Page","Trang chinh sach co ban","FE-04","2026-05-18","0.5 day","Settings/Page APIs if available","Chinh sach van chuyen, bao hanh, doi tra, bao mat","Todo","Content source","Neu chua co API thi render static tam"
"32","MVP Plus","P1","SEO Rendering","SEO cho homepage, product list, product detail","FE-04","2026-05-18","1 day","GET /api/v1/products/:slug; GET /api/v1/homepage","Meta title, description, canonical, OG image, product schema basic","Todo","Product Detail; Homepage","Uu tien product detail SEO"
"33","MVP Plus","P1","SEO Rendering","SEO cho blog va static pages","FE-04","2026-05-18","0.5 day","GET /api/v1/blog/:slug","Meta/OG/canonical cho blog","Todo","Blog detail","Lam sau product SEO"
"34","MVP Plus","P1","Sitemap Robots Link","Kiem tra sitemap va robots","FE-04","2026-05-18","0.25 day","GET /api/v1/sitemap.xml; GET /api/v1/robots.txt","Xac nhan frontend/deploy khong chan sitemap robots","Todo","Deploy preview","Backend tra raw XML/text"
"35","MVP Plus","P1","UX Polish","Chuan hoa loading, toast, confirm, error message","ALL FE","2026-05-19","0.5 day","All APIs","UX dong nhat, loi hien de hieu","Todo","MVP complete","Lam sau khi flow chay"
"36","MVP Plus","P1","Performance Basic","Toi uu anh va lazy load","FE-01","2026-05-19","0.5 day","Media URLs","Anh san pham/homepage lazy load, fallback no image","Todo","All pages","Khong block MVP"
"37","MVP Plus","P1","Accessibility Basic","Kiem tra alt, button label, form label","FE-04","2026-05-19","0.5 day","All pages","Co alt anh, label form checkout, focus state co ban","Todo","MVP complete","Can cho SEO/accessibility"
"38","Post MVP","P2","Wishlist","Them/xoa san pham yeu thich","FE-02","After MVP","1 day","Wishlist APIs later","Wishlist theo session/user","Backlog","Backend API later","Khong lam trong MVP gap"
"39","Post MVP","P2","Review","Hien review va gui review","FE-04","After MVP","1 day","Review APIs later","Khach xem/gui danh gia, cho duyet","Backlog","Backend API later","Khong lam trong MVP gap"
"40","Post MVP","P2","Customer Account","Dang ky/dang nhap khach hang","FE-03","After MVP","2 days","Customer auth APIs later","Tai khoan khach, profile, dia chi, lich su don","Backlog","Backend API later","Guest checkout la MVP"
"41","Post MVP","P2","Promotion","Ma giam gia","FE-03","After MVP","1 day","Coupon APIs later","Nhap coupon, hien discount","Backlog","Backend API later","Backend tinh discount"
"42","Post MVP","P2","Online Payment","Cong thanh toan online","FE-03","After MVP","2 days","Payment gateway APIs later","VNPay/MoMo/PayOS neu tich hop","Backlog","Backend gateway later","COD/bank transfer la MVP"
"43","Post MVP","P2","Chatbot","Nhung chatbot tu van","FE-05","After MVP","2 days","Chatbot API/widget later","Chat widget hoi dap san pham, chinh sach, dat hang","Backlog","Chatbot backend later","Lam sau khi MVP ban hang on dinh"
"44","Post MVP","P2","Recommendation","He thong goi y san pham","FE-05","After MVP","2 days","Recommendation API later","Section san pham goi y tren detail/cart/home","Backlog","Recommendation backend later","Ban dau co the dung related/manual"
"45","Post MVP","P2","Telegram Notification","Thong bao don hang qua Telegram","BE/Integration","After MVP","1 day","Notification webhook later","Don moi gui Telegram cho shop","Backlog","Backend notification later","Khong thuoc client chinh"
"46","Excluded","N/A","Admin Dashboard","Khong chia trong sheet nay","OWNER","N/A","N/A","Admin APIs","Dashboard do chu project dang lam rieng","Excluded","N/A","Sheet nay chi chia client web ban hang"
