"ID","Type","Source Path","Target Path","Status Code","Hit Count","Recommended Action"
"cmozmjcka000x0ot7s215rgm8","PRODUCT","/san-pham/giay-combat-nu-ulzzang-de-thuong-mau-kem-dkg028-duky-store/","/san-pham/giay-combat-nu-ulzzang-de-thuong-mau-kem-dkg028-duky-store","301","0","Disable or point to similar active product"
"cmozmjubd000qfot7j7ij1hm0","PRODUCT","/san-pham/giay-combat-nu-ulzzang-de-thuong-mau-kem-dkg028-duky-store-8541/","/san-pham/giay-combat-nu-ulzzang-de-thuong-mau-kem-dkg028-duky-store-8541","301","0","Disable or point to similar active product"
"cmozmjukf001zfot7iiy5g1oz","PRODUCT","/san-pham/chelsea-boot-nam-mui-nhon-dkb001-duky-store/","/san-pham/chelsea-boot-nam-mui-nhon-dkb001-duky-store","301","0","Disable or point to similar active product"
"cmozmjuqm002sfot7jy393y16","PRODUCT","/san-pham/chelsea-boot-da-bo-de-phip-go-dkb005-duky-store/","/san-pham/chelsea-boot-da-bo-de-phip-go-dkb005-duky-store","301","0","Disable or point to similar active product"
"cmozmjuz50046fot7tv2m81dz","PRODUCT","/san-pham/giay-dr-martens-nu-mau-den-dkg001-duky-store/","/san-pham/giay-dr-martens-nu-mau-den-dkg001-duky-store","301","0","Disable or point to similar active product"
"cmozmjv6s0059fot7fp8560pe","PRODUCT","/san-pham/chelsea-boot-da-bo-de-cao-su-duc-dkb021-duky-store/","/san-pham/chelsea-boot-da-bo-de-cao-su-duc-dkb021-duky-store","301","0","Disable or point to similar active product"
"cmozmjvfp006jfot7215brhca","PRODUCT","/san-pham/chelsea-da-bo-nau-de-go-bao-hanh-da-12-thang/","/san-pham/chelsea-da-bo-nau-de-go-bao-hanh-da-12-thang","301","0","Disable or point to similar active product"
"cmozmjvnd007rfot7mcq8fk8m","PRODUCT","/san-pham/chelsea-da-lon-mau-tan/","/san-pham/chelsea-da-lon-mau-tan","301","0","Disable or point to similar active product"
"cmozmjvv50091fot70haj9dhs","PRODUCT","/san-pham/chelsea-boots-mui-tron-da-bo-dkb034-duky-store/","/san-pham/chelsea-boots-mui-tron-da-bo-dkb034-duky-store","301","0","Disable or point to similar active product"
"cmozmjw5d00agfot736dmpci7","PRODUCT","/san-pham/giay-chukka-boots-nam-da-bo-dkb029-duky-store/","/san-pham/giay-chukka-boots-nam-da-bo-dkb029-duky-store","301","0","Disable or point to similar active product"
"cmozmjwd600bsfot75ogaswsa","PRODUCT","/san-pham/giay-da-nam-doc-co-cao-dkb013-duky-store/","/san-pham/giay-da-nam-doc-co-cao-dkb013-duky-store","301","0","Disable or point to similar active product"
"cmozmjwm500dcfot75yr41jtv","PRODUCT","/san-pham/giay-doc-nam-co-thap-da-bo-mau-nau-de-nau-dkb008-duky-store/","/san-pham/giay-doc-nam-co-thap-da-bo-mau-nau-de-nau-dkb008-duky-store","301","0","Disable or point to similar active product"
"cmozmjwti00enfot7yjeo6evd","PRODUCT","/san-pham/giay-doc-nam-co-thap-da-bo-mau-den-de-nau-dkb008-duky-store/","/san-pham/giay-doc-nam-co-thap-da-bo-mau-den-de-nau-dkb008-duky-store","301","0","Disable or point to similar active product"
"cmozmjx1x00g0fot7kdx0di61","PRODUCT","/san-pham/combat-boots-co-trung-da-bo-nau-de-nau-dkb030-duky-store/","/san-pham/combat-boots-co-trung-da-bo-nau-de-nau-dkb030-duky-store","301","0","Disable or point to similar active product"
"cmozmjxa300hcfot7jarjm2yx","PRODUCT","/san-pham/combat-boots-co-trung-da-bo-den-de-nau-dkb030-duky-store/","/san-pham/combat-boots-co-trung-da-bo-den-de-nau-dkb030-duky-store","301","0","Disable or point to similar active product"
"cmozmjxhy00imfot7g70zzriy","PRODUCT","/san-pham/harness-boots-da-bo-de-phip-dkb006-duky-store/","/san-pham/harness-boots-da-bo-de-phip-dkb006-duky-store","301","0","Disable or point to similar active product"
"cmozmjxqq00k1fot7mou9a1o2","PRODUCT","/san-pham/harness-boots-chain-day-xich-da-bo-de-phip-dkb006-duky-store/","/san-pham/harness-boots-chain-day-xich-da-bo-de-phip-dkb006-duky-store","301","0","Disable or point to similar active product"
"cmozmjxyt00ldfot7zc2apj6j","PRODUCT","/san-pham/giay-boots-nam-martin-co-khoa-keo-dkb028-duky-store/","/san-pham/giay-boots-nam-martin-co-khoa-keo-dkb028-duky-store","301","0","Disable or point to similar active product"
"cmozmjy6o00mmfot7vb1qfu80","PRODUCT","/san-pham/giay-oxford-nam-da-bo-dkb035-duky-store/","/san-pham/giay-oxford-nam-da-bo-dkb035-duky-store","301","0","Disable or point to similar active product"
"cmozmjye300nxfot7dlizx822","PRODUCT","/san-pham/penny-loafer-trang-den-dkb040-duky-store/","/san-pham/penny-loafer-trang-den-dkb040-duky-store","301","0","Disable or point to similar active product"
"cmozmjym900pgfot7hkkaav6b","PRODUCT","/san-pham/zip-boots-nam-kem-chain-dkb038-duky-store/","/san-pham/zip-boots-nam-kem-chain-dkb038-duky-store","301","0","Disable or point to similar active product"
"cmozmjytx00qxfot7e5aco5r3","PRODUCT","/san-pham/giay-combat-nu-ulzzang-de-thuong-mau-den-dkg028-duky-store/","/san-pham/giay-combat-nu-ulzzang-de-thuong-mau-den-dkg028-duky-store","301","0","Disable or point to similar active product"
"cmozmjz1500s5fot71px96quy","PRODUCT","/san-pham/boot-dui-nu-cao-tren-goi-dkg039-duky-store/","/san-pham/boot-dui-nu-cao-tren-goi-dkg039-duky-store","301","0","Disable or point to similar active product"
"cmozmjz7x00t9fot7n0kpai78","PRODUCT","/san-pham/boot-nu-co-cao-combat-chien-binh-mau-den-dkg025-duky-store/","/san-pham/boot-nu-co-cao-combat-chien-binh-mau-den-dkg025-duky-store","301","0","Disable or point to similar active product"
"cmozmjzfg00umfot7xeo66irw","PRODUCT","/san-pham/boot-nu-co-cao-de-vuong-don-gian-mau-den-dkg019-duky-store/","/san-pham/boot-nu-co-cao-de-vuong-don-gian-mau-den-dkg019-duky-store","301","0","Disable or point to similar active product"
"cmozmjzmf00vsfot7imr6xyjv","PRODUCT","/san-pham/boot-nu-co-cao-de-vuong-don-gian-mau-kem-dkg019-duky-store/","/san-pham/boot-nu-co-cao-de-vuong-don-gian-mau-kem-dkg019-duky-store","301","0","Disable or point to similar active product"
"cmozmjztm00wyfot7w0lwdvmx","PRODUCT","/san-pham/boot-nu-de-vuong-don-gian-mau-den-dkg007-duky-store/","/san-pham/boot-nu-de-vuong-don-gian-mau-den-dkg007-duky-store","301","0","Disable or point to similar active product"
"cmozmk00j00y0fot7t85w28n8","PRODUCT","/san-pham/boot-nu-de-vuong-don-gian-mau-kem-dkg007-duky-store/","/san-pham/boot-nu-de-vuong-don-gian-mau-kem-dkg007-duky-store","301","0","Disable or point to similar active product"
"cmozmk07r00z7fot7oybeqeif","PRODUCT","/san-pham/combat-boot-ulzzang-chien-binh-mau-den-dkg027-duky-store/","/san-pham/combat-boot-ulzzang-chien-binh-mau-den-dkg027-duky-store","301","0","Disable or point to similar active product"
"cmozmk0ex010afot7p9fprwnk","PRODUCT","/san-pham/combat-boot-ulzzang-chien-binh-mau-trang-dkg027-duky-store/","/san-pham/combat-boot-ulzzang-chien-binh-mau-trang-dkg027-duky-store","301","0","Disable or point to similar active product"
"cmozmk0ml011lfot7vudnor2d","PRODUCT","/san-pham/ao-thun-dia-danh-cac-tinh-an-giang/","/san-pham/ao-thun-dia-danh-cac-tinh-an-giang","301","0","Disable or point to similar active product"
"cmozmk0wy013pfot7g4xjwrf9","PRODUCT","/san-pham/day-chuyen-hop-kim-duky-nhieu-lop-phong-cach-hiphop-unisex/","/san-pham/day-chuyen-hop-kim-duky-nhieu-lop-phong-cach-hiphop-unisex","301","0","Disable or point to similar active product"
"cmozmk1500152fot77povlgud","PRODUCT","/san-pham/day-chuyen-vong-co-ngoc-trai-duky-cho-nam-va-nu/","/san-pham/day-chuyen-vong-co-ngoc-trai-duky-cho-nam-va-nu","301","0","Disable or point to similar active product"
"cmozmk1a9015qfot7c5965537","PRODUCT","/san-pham/day-chuyen-vong-co-duky-kieu-dang-sang-trong-hien-dai-phong-cach-han-quoc/","/san-pham/day-chuyen-vong-co-duky-kieu-dang-sang-trong-hien-dai-phong-cach-han-quoc","301","0","Disable or point to similar active product"
"cmozmk1g0016nfot7x1n7aama","PRODUCT","/san-pham/ao-thun-dia-danh-cac-tinh-bac-lieu/","/san-pham/ao-thun-dia-danh-cac-tinh-bac-lieu","301","0","Disable or point to similar active product"
"cmozmk1r8018tfot7ta1g7hqp","PRODUCT","/san-pham/ao-thun-dia-danh-cac-tinh-ca-mau/","/san-pham/ao-thun-dia-danh-cac-tinh-ca-mau","301","0","Disable or point to similar active product"
"cmozmk21t01b1fot7737r3h6l","PRODUCT","/san-pham/ao-thun-dia-danh-cac-tinh-can-tho/","/san-pham/ao-thun-dia-danh-cac-tinh-can-tho","301","0","Disable or point to similar active product"
"cmozmk2lj01flfot7kveelzdl","PRODUCT","/san-pham/ao-thun-cotton-tron/","/san-pham/ao-thun-cotton-tron","301","0","Disable or point to similar active product"
"cmozmk31v01jcfot7n9pd7l33","PRODUCT","/san-pham/ao-thun-dia-danh-cac-tinh-hau-giang/","/san-pham/ao-thun-dia-danh-cac-tinh-hau-giang","301","0","Disable or point to similar active product"
"cmozmk3bw01lcfot71biw02gr","PRODUCT","/san-pham/ao-thun-dia-danh-cac-tinh-soc-trang/","/san-pham/ao-thun-dia-danh-cac-tinh-soc-trang","301","0","Disable or point to similar active product"
"cmozmk3lm01n9fot7fk96j4bz","PRODUCT","/san-pham/ao-thun-dia-danh-cac-tinh-vinh-long/","/san-pham/ao-thun-dia-danh-cac-tinh-vinh-long","301","0","Disable or point to similar active product"
"cmozmk3uo01p3fot7eyo25x9f","PRODUCT","/san-pham/ao-thun-wash-xam/","/san-pham/ao-thun-wash-xam","301","0","Disable or point to similar active product"
"cmozmk40x01pzfot7chm1jddt","PRODUCT","/san-pham/xi-danh-giay-duky-dang-sap-cao-cap/","/san-pham/xi-danh-giay-duky-dang-sap-cao-cap","301","0","Disable or point to similar active product"
"cmozmk45v01qofot7ignphnhs","PRODUCT","/san-pham/giay-nu-combat-boots-ulzzang-chien-binh-da-bong-dkg003-duky-store/","/san-pham/giay-nu-combat-boots-ulzzang-chien-binh-da-bong-dkg003-duky-store","301","0","Disable or point to similar active product"
"cmozmk4d401safot7spu6dcjg","PRODUCT","/san-pham/vo-mong-duky-thoang-khi-sieu-min-phong-cach-lolita-nhat-ban/","/san-pham/vo-mong-duky-thoang-khi-sieu-min-phong-cach-lolita-nhat-ban","301","0","Disable or point to similar active product"
"cmozmk4hx01t1fot7uwz93ol8","PRODUCT","/san-pham/don-cao-su-tang-chieu-cao-duky-full-bo-co-dem-khi-khu-mui-dan-hoi-tot/","/san-pham/don-cao-su-tang-chieu-cao-duky-full-bo-co-dem-khi-khu-mui-dan-hoi-tot","301","0","Disable or point to similar active product"
"cmozmk4ne01twfot78z1dx8of","PRODUCT","/san-pham/don-xop-tang-chieu-cao-duky/","/san-pham/don-xop-tang-chieu-cao-duky","301","0","Disable or point to similar active product"
"cmozmk4s901uofot75hzcaut5","PRODUCT","/san-pham/kinh-oval-duky-gong-kim-loai-phong-cach-vintage/","/san-pham/kinh-oval-duky-gong-kim-loai-phong-cach-vintage","301","0","Disable or point to similar active product"
"cmozmk4yk01vsfot7vqrotf9i","PRODUCT","/san-pham/mu-beret-duky-mu-da-phong-cach-retro-han-quoc/","/san-pham/mu-beret-duky-mu-da-phong-cach-retro-han-quoc","301","0","Disable or point to similar active product"
"cmozmk53p01wefot7vn3pxksp","PRODUCT","/san-pham/ao-so-mi-hoa-tiet-birdpink/","/san-pham/ao-so-mi-hoa-tiet-birdpink","301","0","Disable or point to similar active product"
"cmozmk59p01xafot7vuqr8txd","PRODUCT","/san-pham/ao-somi-hoa-tiet-da-beo/","/san-pham/ao-somi-hoa-tiet-da-beo","301","0","Disable or point to similar active product"
"cmozmk5fq01y8fot7cyiqghdm","PRODUCT","/san-pham/ao-somi-hoa-tiet-dark-sky/","/san-pham/ao-somi-hoa-tiet-dark-sky","301","0","Disable or point to similar active product"
"cmozmk5ll01z4fot7m6bayrzl","PRODUCT","/san-pham/ao-somi-hoa-tiet-hinh-hoa/","/san-pham/ao-somi-hoa-tiet-hinh-hoa","301","0","Disable or point to similar active product"
"cmozmk5rq0201fot7y2t6kfjr","PRODUCT","/san-pham/ao-somi-hoa-tiet-hinh-van-may/","/san-pham/ao-somi-hoa-tiet-hinh-van-may","301","0","Disable or point to similar active product"
"cmozmk5xp020wfot70uz63hdj","PRODUCT","/san-pham/ao-somi-hoa-tiet-hinh-hoa-hong/","/san-pham/ao-somi-hoa-tiet-hinh-hoa-hong","301","0","Disable or point to similar active product"
"cmozmk63z021sfot7otgjfam2","PRODUCT","/san-pham/ao-somi-hoa-tiet-sh016/","/san-pham/ao-somi-hoa-tiet-sh016","301","0","Disable or point to similar active product"
"cmozmk6au022ufot7qaz7xv2r","PRODUCT","/san-pham/giay-penny-loafer-full-den-dkb041-duky-store/","/san-pham/giay-penny-loafer-full-den-dkb041-duky-store","301","0","Disable or point to similar active product"
"cmozmk6i00243fot74oa3gacq","PRODUCT","/san-pham/giay-timberland-nu-mau-nau-dkg044-duky-store/","/san-pham/giay-timberland-nu-mau-nau-dkg044-duky-store","301","0","Disable or point to similar active product"
"cmozmk6ox0258fot7p539dqds","PRODUCT","/san-pham/boot-nu-co-cao-da-bong-co-zip-dkg047-duky-store/","/san-pham/boot-nu-co-cao-da-bong-co-zip-dkg047-duky-store","301","0","Disable or point to similar active product"
"cmozmk6vn026afot7h9yfchux","PRODUCT","/san-pham/giay-boots-nam-co-thap-da-bo-basic-co-moc-dkb027-duky-store/","/san-pham/giay-boots-nam-co-thap-da-bo-basic-co-moc-dkb027-duky-store","301","0","Disable or point to similar active product"
"cmozmk732027mfot7ka0laaan","PRODUCT","/san-pham/giay-nu-combat-boots-de-den-dkg049-duky-store/","/san-pham/giay-nu-combat-boots-de-den-dkg049-duky-store","301","0","Disable or point to similar active product"
"cmozmk79p028pfot7jj0wmxn1","PRODUCT","/san-pham/boots-nu-co-cao-de-dup-mau-den-dkg048-duky-store/","/san-pham/boots-nu-co-cao-de-dup-mau-den-dkg048-duky-store","301","0","Disable or point to similar active product"
"cmozmk7g9029sfot7rj394fou","PRODUCT","/san-pham/boots-nu-co-cao-de-dup-mau-kem-dkg048-duky-store/","/san-pham/boots-nu-co-cao-de-dup-mau-kem-dkg048-duky-store","301","0","Disable or point to similar active product"
"cmozmk7nh02b0fot7j5fsbm8d","PRODUCT","/san-pham/boots-nu-got-khuyet-da-bong-mau-den-dkg010-duky-store/","/san-pham/boots-nu-got-khuyet-da-bong-mau-den-dkg010-duky-store","301","0","Disable or point to similar active product"
"cmozmk7u702c7fot7zjyxxzx9","PRODUCT","/san-pham/boots-nu-got-khuyet-da-bong-mau-kem-dkg010-duky-store/","/san-pham/boots-nu-got-khuyet-da-bong-mau-kem-dkg010-duky-store","301","0","Disable or point to similar active product"
"cmozmk80a02d2fot7pf7rm8c6","PRODUCT","/san-pham/giay-nu-combat-boots-mau-kem-dkg004-duky-store/","/san-pham/giay-nu-combat-boots-mau-kem-dkg004-duky-store","301","0","Disable or point to similar active product"
"cmozmk86h02e2fot7thxiu36k","PRODUCT","/san-pham/giay-boots-nam-co-thap-da-bo-basic-khong-moc-dkb046-duky-store/","/san-pham/giay-boots-nam-co-thap-da-bo-basic-khong-moc-dkb046-duky-store","301","0","Disable or point to similar active product"
"cmozmk8dg02f9fot782x01k28","PRODUCT","/san-pham/giay-combat-boots-co-lung-da-bo-dkb044-duky-store/","/san-pham/giay-combat-boots-co-lung-da-bo-dkb044-duky-store","301","0","Disable or point to similar active product"
"cmozmk8kj02gbfot7mbc56y5a","PRODUCT","/san-pham/giay-combat-boots-da-bo-dkb045-duky-store/","/san-pham/giay-combat-boots-da-bo-dkb045-duky-store","301","0","Disable or point to similar active product"
"cmozmk8s202hlfot77zeh6tdq","PRODUCT","/san-pham/giay-combat-boot-martin-nu-co-day-keo-dkg021-duky-store/","/san-pham/giay-combat-boot-martin-nu-co-day-keo-dkg021-duky-store","301","0","Disable or point to similar active product"
"cmozmk8yr02ipfot7r9uw3jir","PRODUCT","/san-pham/non-ket-da-thoi-trang-logo-ngau-nhien/","/san-pham/non-ket-da-thoi-trang-logo-ngau-nhien","301","0","Disable or point to similar active product"
"cmozmk9cj02kvfot7r1ez90rr","PRODUCT","/san-pham/that-lung-khoa-vuong-unisex/","/san-pham/that-lung-khoa-vuong-unisex","301","0","Disable or point to similar active product"
"cmozmk9gw02lafot7zuztk7o3","PRODUCT","/san-pham/tat-luoi-ngan-co-ren/","/san-pham/tat-luoi-ngan-co-ren","301","0","Disable or point to similar active product"
"cmozmk9ll02lrfot7py38d4yz","PRODUCT","/san-pham/tat-co-cao-unisex/","/san-pham/tat-co-cao-unisex","301","0","Disable or point to similar active product"
"cmozmk9vz02n1fot76kfmpozi","PRODUCT","/san-pham/non-da-cowboy-hoa-tiet/","/san-pham/non-da-cowboy-hoa-tiet","301","0","Disable or point to similar active product"
"cmozmka0t02njfot75ugry087","PRODUCT","/san-pham/mu-noi-da-phong-cach-retro/","/san-pham/mu-noi-da-phong-cach-retro","301","0","Disable or point to similar active product"
"cmozmka5902nxfot7tty02wkt","PRODUCT","/san-pham/ao-somi-hoa-tiet-hawaii/","/san-pham/ao-somi-hoa-tiet-hawaii","301","0","Disable or point to similar active product"
"cmozmkaov02s3fot7prdt8s6r","PRODUCT","/san-pham/ao-polo-mau-vien-co/","/san-pham/ao-polo-mau-vien-co","301","0","Disable or point to similar active product"
"cmozmkbg102xbfot7vlyjwrqm","PRODUCT","/san-pham/chan-vay-chu-a-kem-that-lung/","/san-pham/chan-vay-chu-a-kem-that-lung","301","0","Disable or point to similar active product"
"cmozmkblk02y5fot7l95casqy","PRODUCT","/san-pham/chan-vay-da-rut-day-2-ben/","/san-pham/chan-vay-da-rut-day-2-ben","301","0","Disable or point to similar active product"
"cmozmkbqq02ytfot7vjcfdccn","PRODUCT","/san-pham/quan-tui-hop-kaki-unisex/","/san-pham/quan-tui-hop-kaki-unisex","301","0","Disable or point to similar active product"
"cmozmkbwb02znfot7s9vb5llq","PRODUCT","/san-pham/quan-au-cap-cao-dang-baggy-ma-304/","/san-pham/quan-au-cap-cao-dang-baggy-ma-304","301","0","Disable or point to similar active product"
"cmozmkc4d0319fot7k6pt00c5","PRODUCT","/san-pham/quan-au-dang-baggy-ma-311/","/san-pham/quan-au-dang-baggy-ma-311","301","0","Disable or point to similar active product"
"cmozmkcdd0336fot7wk5f1tp3","PRODUCT","/san-pham/quan-au-dang-baggy-ma-329/","/san-pham/quan-au-dang-baggy-ma-329","301","0","Disable or point to similar active product"
"cmozmkclz034sfot7j0egk711","PRODUCT","/san-pham/ao-khoac-da-biker/","/san-pham/ao-khoac-da-biker","301","0","Disable or point to similar active product"
"cmozmkcsl035ufot7jdpdewmw","PRODUCT","/san-pham/ao-khoac-da-co-bau/","/san-pham/ao-khoac-da-co-bau","301","0","Disable or point to similar active product"
"cmozmkcz2036wfot7vgq6lnc4","PRODUCT","/san-pham/ao-khoac-da-co-nut/","/san-pham/ao-khoac-da-co-nut","301","0","Disable or point to similar active product"
"cmozmkd5o037yfot76kh7ejlg","PRODUCT","/san-pham/ao-khoac-da-bong-co-dung-nut/","/san-pham/ao-khoac-da-bong-co-dung-nut","301","0","Disable or point to similar active product"
"cmozmkdbz038vfot7x9ebsnkf","PRODUCT","/san-pham/ao-khoac-da-tron/","/san-pham/ao-khoac-da-tron","301","0","Disable or point to similar active product"
"cmozmkdq503bdfot7of7jsit4","PRODUCT","/san-pham/ao-da-biker-jacket/","/san-pham/ao-da-biker-jacket","301","0","Disable or point to similar active product"
"cmozmke3v03dffot764ls0h1s","PRODUCT","/san-pham/giay-chunky-derby-nam-dkb049-duky-store/","/san-pham/giay-chunky-derby-nam-dkb049-duky-store","301","0","Disable or point to similar active product"
"cmozmkeav03emfot71kjtbvbr","PRODUCT","/san-pham/giay-combat-boots-de-chunky-dkb050-duky-store/","/san-pham/giay-combat-boots-de-chunky-dkb050-duky-store","301","0","Disable or point to similar active product"
"cmozmkei503fwfot7vg93q755","PRODUCT","/san-pham/giay-lolita-nu-mau-kem-dkg054-duky-store/","/san-pham/giay-lolita-nu-mau-kem-dkg054-duky-store","301","0","Disable or point to similar active product"
"cmozmkeog03gxfot7alujof94","PRODUCT","/san-pham/giay-chunky-loafer-co-day-xich-dkb051-duky-store/","/san-pham/giay-chunky-loafer-co-day-xich-dkb051-duky-store","301","0","Disable or point to similar active product"
"cmozmkevw03ibfot7yqcrs0al","PRODUCT","/san-pham/boot-nu-cot-day-got-cao-dkg016-duky-store/","/san-pham/boot-nu-cot-day-got-cao-dkg016-duky-store","301","0","Disable or point to similar active product"
"cmozmkf1r03jafot7zbgmnnze","PRODUCT","/san-pham/giay-doc-co-thap-da-bo-mau-nau-ca-tinh-dkb052-duky-store/","/san-pham/giay-doc-co-thap-da-bo-mau-nau-ca-tinh-dkb052-duky-store","301","0","Disable or point to similar active product"
"cmozmkf7x03kcfot7cczjmsvo","PRODUCT","/san-pham/mu-noi-da-luoi-trai/","/san-pham/mu-noi-da-luoi-trai","301","0","Disable or point to similar active product"
"cmozmkfcq03l0fot72z8iesxv","PRODUCT","/san-pham/that-lung-ban-2-8cm-phong-cach-ulzzang/","/san-pham/that-lung-ban-2-8cm-phong-cach-ulzzang","301","0","Disable or point to similar active product"
"cmozmkfhm03lmfot75kcz3fye","PRODUCT","/san-pham/giay-boot-chukka-nam-co-ngan-dkb053-duky-store/","/san-pham/giay-boot-chukka-nam-co-ngan-dkb053-duky-store","301","0","Disable or point to similar active product"
"cmozmkfnm03mjfot7y9x4phcg","PRODUCT","/san-pham/giay-luoi-chain-xich/","/san-pham/giay-luoi-chain-xich","301","0","Disable or point to similar active product"
"cmozmkft203nafot7icsnuiyr","PRODUCT","/san-pham/giay-luoi-dior-da-bong/","/san-pham/giay-luoi-dior-da-bong","301","0","Disable or point to similar active product"
"cmozmkfz103o6fot7vu3e0rrp","PRODUCT","/san-pham/giay-luoi-dior-da-mo/","/san-pham/giay-luoi-dior-da-mo","301","0","Disable or point to similar active product"
"cmozmkg4e03osfot72e6kklve","PRODUCT","/san-pham/giay-luoi-dior-bong-pha-da-lon/","/san-pham/giay-luoi-dior-bong-pha-da-lon","301","0","Disable or point to similar active product"
"cmozmkga803plfot7z00e5q0m","PRODUCT","/san-pham/giay-luoi-hermes/","/san-pham/giay-luoi-hermes","301","0","Disable or point to similar active product"
"cmozmkggy03qpfot7g0te3kxw","PRODUCT","/san-pham/boot-dui-nu-co-v-dang-cowboy-de-dup-mau-den-dk050-duky-store/","/san-pham/boot-dui-nu-co-v-dang-cowboy-de-dup-mau-den-dk050-duky-store","301","0","Disable or point to similar active product"
"cmozmkgnm03rrfot7eq15k4j0","PRODUCT","/san-pham/boot-dui-nu-co-v-dang-cowboy-de-dup-mau-kem-dk050-duky-store/","/san-pham/boot-dui-nu-co-v-dang-cowboy-de-dup-mau-kem-dk050-duky-store","301","0","Disable or point to similar active product"
"cmozmkgu203swfot7jw3u21tm","PRODUCT","/san-pham/boot-dui-luoi-co-cao-mau-den-dkg059-duky-store/","/san-pham/boot-dui-luoi-co-cao-mau-den-dkg059-duky-store","301","0","Disable or point to similar active product"
"cmozmkh0h03tzfot7gey2nx1v","PRODUCT","/san-pham/giay-da-nam-doc-co-trung-dkb012-duky-store/","/san-pham/giay-da-nam-doc-co-trung-dkb012-duky-store","301","0","Disable or point to similar active product"
"cmozmkh7803v4fot7h98puix9","PRODUCT","/san-pham/giay-combat-timberland-nam-co-cao-mau-nau-dkb054-duky-store/","/san-pham/giay-combat-timberland-nam-co-cao-mau-nau-dkb054-duky-store","301","0","Disable or point to similar active product"
"cmozmkhe903wefot7ent4rw6a","PRODUCT","/san-pham/giay-combat-timberland-nam-co-cao-mau-den-dkb054-duky-store/","/san-pham/giay-combat-timberland-nam-co-cao-mau-den-dkb054-duky-store","301","0","Disable or point to similar active product"
"cmozmkhl003xnfot7wruecxq8","PRODUCT","/san-pham/giay-martin-nu-co-khoa-chain-kim-loai-dkg006-duky-store/","/san-pham/giay-martin-nu-co-khoa-chain-kim-loai-dkg006-duky-store","301","0","Disable or point to similar active product"
"cmozmkhs003ytfot79jej0fe0","PRODUCT","/san-pham/giay-derby-nu-mui-vuong-kem-chain-phong-cach-dkg026-duky-store/","/san-pham/giay-derby-nu-mui-vuong-kem-chain-phong-cach-dkg026-duky-store","301","0","Disable or point to similar active product"
"cmozmkhz60407fot7hdchaarg","PRODUCT","/san-pham/giay-da-nam-co-thap-phong-cach-han-quoc-tre-trung-dkb059-duky-store/","/san-pham/giay-da-nam-co-thap-phong-cach-han-quoc-tre-trung-dkb059-duky-store","301","0","Disable or point to similar active product"
"cmozmki6n041nfot7b9ysey3g","PRODUCT","/san-pham/giay-da-nam-co-thap-derby-mui-vuong-de-chunky-da-nham-dkb060-duky-store/","/san-pham/giay-da-nam-co-thap-derby-mui-vuong-de-chunky-da-nham-dkb060-duky-store","301","0","Disable or point to similar active product"
"cmozmkie30432fot7ibprn2c0","PRODUCT","/san-pham/giay-da-nam-co-thap-derby-mui-vuong-de-chunky-da-bong-dkb060-duky-store/","/san-pham/giay-da-nam-co-thap-derby-mui-vuong-de-chunky-da-bong-dkb060-duky-store","301","0","Disable or point to similar active product"
"cmozmkilp044cfot7kfunnfu7","PRODUCT","/san-pham/giay-da-nam-co-thap-de-chunky-loang-mau-dkb057-duky-store/","/san-pham/giay-da-nam-co-thap-de-chunky-loang-mau-dkb057-duky-store","301","0","Disable or point to similar active product"
"cmozmkit1045lfot7j7i3yro2","PRODUCT","/san-pham/ao-da-nu-bomber-mau-tuong-phan-trang-den-ca-tinh/","/san-pham/ao-da-nu-bomber-mau-tuong-phan-trang-den-ca-tinh","301","0","Disable or point to similar active product"
"cmozmkj4p047gfot7a6tk1z03","PRODUCT","/san-pham/ao-da-mangto-dang-dai-tang-kem-day-ao/","/san-pham/ao-da-mangto-dang-dai-tang-kem-day-ao","301","0","Disable or point to similar active product"
"cmozmkjb7048hfot7bbfazzpk","PRODUCT","/san-pham/giay-boot-dui-mui-nhon-got-nhon-mau-den-dkg065-duky-store/","/san-pham/giay-boot-dui-mui-nhon-got-nhon-mau-den-dkg065-duky-store","301","0","Disable or point to similar active product"
"cmozmkjid049sfot7znnr6a25","PRODUCT","/san-pham/giay-boot-dui-mui-nhon-got-nhon-mau-kem-dkg065-duky-store/","/san-pham/giay-boot-dui-mui-nhon-got-nhon-mau-kem-dkg065-duky-store","301","0","Disable or point to similar active product"
"cmozmkjpg04b1fot7xbeugo7o","PRODUCT","/san-pham/bot-nu-co-cao-da-bong-vien-kim-loai-dkg061-duky-store/","/san-pham/bot-nu-co-cao-da-bong-vien-kim-loai-dkg061-duky-store","301","0","Disable or point to similar active product"
"cmozmkjws04ccfot794p7zfwm","PRODUCT","/san-pham/bot-nu-vien-kim-loai-sang-trong-dkg062-duky-store/","/san-pham/bot-nu-vien-kim-loai-sang-trong-dkg062-duky-store","301","0","Disable or point to similar active product"
"cmozmkk3q04dofot7odbmmkt9","PRODUCT","/san-pham/giay-loafer-nu-7cm-tang-chieu-cao-mau-kem-den-dkg063-duky-store/","/san-pham/giay-loafer-nu-7cm-tang-chieu-cao-mau-kem-den-dkg063-duky-store","301","0","Disable or point to similar active product"
"cmozmkkaz04ezfot7pgzxdbay","PRODUCT","/san-pham/giay-oxford-nu-de-cao-7cm-tang-chieu-cao-mau-den-dkg064-duky-store/","/san-pham/giay-oxford-nu-de-cao-7cm-tang-chieu-cao-mau-den-dkg064-duky-store","301","0","Disable or point to similar active product"
"cmozmkkib04gcfot7fw1dxvcq","PRODUCT","/san-pham/giay-oxford-nu-de-cao-7cm-tang-chieu-cao-mau-kem-den-dkg064-duky-store/","/san-pham/giay-oxford-nu-de-cao-7cm-tang-chieu-cao-mau-kem-den-dkg064-duky-store","301","0","Disable or point to similar active product"
"cmozmkkpi04hkfot716iqcie8","PRODUCT","/san-pham/giay-da-nam-co-thap-phong-cach-han-quoc-tre-trung-dkb062-duky-store/","/san-pham/giay-da-nam-co-thap-phong-cach-han-quoc-tre-trung-dkb062-duky-store","301","0","Disable or point to similar active product"
"cmozmkkxa04j2fot7vkkzgzwd","PRODUCT","/san-pham/giay-da-nam-martin-de-tang-chieu-cao-khoa-keo-ngoai-phong-cach-ulzzang-dkb063-duky-store/","/san-pham/giay-da-nam-martin-de-tang-chieu-cao-khoa-keo-ngoai-phong-cach-ulzzang-dkb063-duky-store","301","0","Disable or point to similar active product"
"cmozmkl4z04kjfot7ejv6no84","PRODUCT","/san-pham/giay-da-nam-martin-de-tang-chieu-cao-phong-cach-tre-trung-dkb065-duky-store/","/san-pham/giay-da-nam-martin-de-tang-chieu-cao-phong-cach-tre-trung-dkb065-duky-store","301","0","Disable or point to similar active product"
"cmozmklcm04lxfot7axwguf30","PRODUCT","/san-pham/giay-da-nam-martin-de-tang-chieu-cao-phong-cach-tre-trung-dkb064-duky-store/","/san-pham/giay-da-nam-martin-de-tang-chieu-cao-phong-cach-tre-trung-dkb064-duky-store","301","0","Disable or point to similar active product"
"cmozmkljq04nbfot7qyvqecsc","PRODUCT","/san-pham/giay-combat-boots-nu-de-cao-8cm-dkg066-duky-store/","/san-pham/giay-combat-boots-nu-de-cao-8cm-dkg066-duky-store","301","0","Disable or point to similar active product"
"cmozmklqk04omfot78d4lm8le","PRODUCT","/san-pham/oxford-nu-de-day-cao-6cm-phong-cach-ulzzang-de-thuong-dg067-duky-store/","/san-pham/oxford-nu-de-day-cao-6cm-phong-cach-ulzzang-de-thuong-dg067-duky-store","301","0","Disable or point to similar active product"
"cmozmklx904pufot7z2g3y6zz","PRODUCT","/san-pham/giay-loafer-nu-de-day-7cm-thoi-trang-mau-den-dkg063-duky-store/","/san-pham/giay-loafer-nu-de-day-7cm-thoi-trang-mau-den-dkg063-duky-store","301","0","Disable or point to similar active product"
"cmozmkm4c04r6fot7md6pjncx","PRODUCT","/san-pham/giay-nu-martin-khoa-inox-co-thap-thoi-trang-dkg068-duky-store/","/san-pham/giay-nu-martin-khoa-inox-co-thap-thoi-trang-dkg068-duky-store","301","0","Disable or point to similar active product"
"cmozmkmbc04shfot7dnd5mn4e","PRODUCT","/san-pham/boot-de-vuong-da-bong-nhung-sanh-dieu-mau-den-dkg072-duky-store/","/san-pham/boot-de-vuong-da-bong-nhung-sanh-dieu-mau-den-dkg072-duky-store","301","0","Disable or point to similar active product"
"cmozmkmic04trfot796rl9mfx","PRODUCT","/san-pham/boot-de-vuong-da-bong-nhung-sanh-dieu-mau-kem-dkg072-duky-store/","/san-pham/boot-de-vuong-da-bong-nhung-sanh-dieu-mau-kem-dkg072-duky-store","301","0","Disable or point to similar active product"
"cmozmkmp404v1fot7t6bvqzo0","PRODUCT","/san-pham/boot-nu-co-lung-mui-nhon-got-vuong-6cm-co-vien-sanh-dieu-dkg070-mau-den-duky-store/","/san-pham/boot-nu-co-lung-mui-nhon-got-vuong-6cm-co-vien-sanh-dieu-dkg070-mau-den-duky-store","301","0","Disable or point to similar active product"
"cmozmkmva04w3fot7shpgq4or","PRODUCT","/san-pham/boot-nu-co-lung-mui-nhon-got-vuong-6cm-co-vien-sanh-dieu-dkg070-mau-trang-duky-store/","/san-pham/boot-nu-co-lung-mui-nhon-got-vuong-6cm-co-vien-sanh-dieu-dkg070-mau-trang-duky-store","301","0","Disable or point to similar active product"
"cmozmkn1w04x7fot7zr1hqnlm","PRODUCT","/san-pham/boot-chien-binh-unisex-co-khoa-sau-ca-tinh-mau-kem-den-dkg073-duky-store/","/san-pham/boot-chien-binh-unisex-co-khoa-sau-ca-tinh-mau-kem-den-dkg073-duky-store","301","0","Disable or point to similar active product"
"cmozmkn8r04ybfot7rjlvtjnd","PRODUCT","/san-pham/boot-chien-binh-unisex-co-khoa-sau-ca-tinh-mau-den-dkg073-duky-store/","/san-pham/boot-chien-binh-unisex-co-khoa-sau-ca-tinh-mau-den-dkg073-duky-store","301","0","Disable or point to similar active product"
"cmozmkng504zlfot7ymm9z9ee","PRODUCT","/san-pham/boot-chien-binh-khoa-keo-canh-mau-moi-fashion-mau-nau-dkg074-duky-store/","/san-pham/boot-chien-binh-khoa-keo-canh-mau-moi-fashion-mau-nau-dkg074-duky-store","301","0","Disable or point to similar active product"
"cmozmknni050ufot7y55fp71t","PRODUCT","/san-pham/bot-nu-co-cao-style-cowboy-mui-tron-thich-hop-voi-dang-nguoi-chubby-dkg075-mau-den-duky-store/","/san-pham/bot-nu-co-cao-style-cowboy-mui-tron-thich-hop-voi-dang-nguoi-chubby-dkg075-mau-den-duky-store","301","0","Disable or point to similar active product"
"cmozmknut0521fot76t0mg8ng","PRODUCT","/san-pham/bot-nu-co-cao-style-cowboy-mui-tron-thich-hop-voi-dang-nguoi-chubby-dkg075-mau-nau-duky-store/","/san-pham/bot-nu-co-cao-style-cowboy-mui-tron-thich-hop-voi-dang-nguoi-chubby-dkg075-mau-nau-duky-store","301","0","Disable or point to similar active product"
"cmozmko1k0536fot7ny3cot08","PRODUCT","/san-pham/giay-boot-nam-martin-de-tang-chieu-cao-dkb066-duky-store/","/san-pham/giay-boot-nam-martin-de-tang-chieu-cao-dkb066-duky-store","301","0","Disable or point to similar active product"
"cmozmko8f054efot7k3nkp03k","PRODUCT","/san-pham/giay-loafer-nu-da-bong-hoa-tiet-khoa-tron-mau-den-dkg076-duky-store/","/san-pham/giay-loafer-nu-da-bong-hoa-tiet-khoa-tron-mau-den-dkg076-duky-store","301","0","Disable or point to similar active product"
"cmozmkofa055ifot78eo568sk","PRODUCT","/san-pham/giay-loafer-nu-da-bong-hoa-tiet-khoa-tam-giac-mau-den-dkg077-duky-store/","/san-pham/giay-loafer-nu-da-bong-hoa-tiet-khoa-tam-giac-mau-den-dkg077-duky-store","301","0","Disable or point to similar active product"
"cmozmkome056ofot7gz0ogaab","PRODUCT","/san-pham/giay-loafer-nu-da-bong-hoa-tiet-khoa-tron-mau-trang-den-dkg076-duky-store/","/san-pham/giay-loafer-nu-da-bong-hoa-tiet-khoa-tron-mau-trang-den-dkg076-duky-store","301","0","Disable or point to similar active product"
"cmozmkotr057vfot7mnnk81l1","PRODUCT","/san-pham/giay-loafer-nu-da-bong-hoa-tiet-khoa-tam-giac-mau-kem-dkg077-duky-store/","/san-pham/giay-loafer-nu-da-bong-hoa-tiet-khoa-tam-giac-mau-kem-dkg077-duky-store","301","0","Disable or point to similar active product"
"cmozmkp0d0590fot7osgbaxrs","PRODUCT","/san-pham/boot-nu-de-dup-cao-da-bong-11cm-sanh-dieu-dkg078-duky-store/","/san-pham/boot-nu-de-dup-cao-da-bong-11cm-sanh-dieu-dkg078-duky-store","301","0","Disable or point to similar active product"
"cmozmkp7h05abfot7iqqvdv6h","PRODUCT","/san-pham/giay-boot-nam-co-thap-full-den-dkb067-duky-store/","/san-pham/giay-boot-nam-co-thap-full-den-dkb067-duky-store","301","0","Disable or point to similar active product"
"cmozmkpet05bofot7npsa4njs","PRODUCT","/san-pham/giay-boot-nam-co-thap-mui-nhon-de-tron-dkb068-duky-store/","/san-pham/giay-boot-nam-co-thap-mui-nhon-de-tron-dkb068-duky-store","301","0","Disable or point to similar active product"
"cmozmkpmr05d1fot71ghl0aky","PRODUCT","/san-pham/giay-boot-nam-co-trung-da-lon-cao-cap-mau-nau-dk061-duky-store/","/san-pham/giay-boot-nam-co-trung-da-lon-cao-cap-mau-nau-dk061-duky-store","301","0","Disable or point to similar active product"
"cmozmkpu305eafot7ha3as9pi","PRODUCT","/san-pham/giay-boot-nam-co-trung-da-lon-cao-cap-nau-vang-dk069-duky-store/","/san-pham/giay-boot-nam-co-trung-da-lon-cao-cap-nau-vang-dk069-duky-store","301","0","Disable or point to similar active product"
"cmozmkq1g05fqfot7jv7sa890","PRODUCT","/san-pham/giay-combat-boot-nu-day-buom-dkg079-duky-store/","/san-pham/giay-combat-boot-nu-day-buom-dkg079-duky-store","301","0","Disable or point to similar active product"
"cmozmkq8k05gzfot7yt8c3v64","PRODUCT","/san-pham/giay-boot-nu-co-thap-da-pu-cao-cap-mau-den-dkg081-duky-store/","/san-pham/giay-boot-nu-co-thap-da-pu-cao-cap-mau-den-dkg081-duky-store","301","0","Disable or point to similar active product"
"cmozmkqey05i7fot70yzrixqn","PRODUCT","/san-pham/giay-boot-nu-co-thap-da-pu-cao-cap-mau-nau-dkg081-duky-store/","/san-pham/giay-boot-nu-co-thap-da-pu-cao-cap-mau-nau-dkg081-duky-store","301","0","Disable or point to similar active product"
"cmozmkqly05jifot73ulbal3l","PRODUCT","/san-pham/giay-nu-mori-boot-da-bo-cao-cap-mau-den-dkg083-duky-store/","/san-pham/giay-nu-mori-boot-da-bo-cao-cap-mau-den-dkg083-duky-store","301","0","Disable or point to similar active product"
"cmozmkqsx05kwfot7iggxye3y","PRODUCT","/san-pham/giay-nu-mori-boot-da-bo-cao-cap-mau-nau-dkg083-duky-store/","/san-pham/giay-nu-mori-boot-da-bo-cao-cap-mau-nau-dkg083-duky-store","301","0","Disable or point to similar active product"
"cmozmkr0505m4fot7xb7k2ftb","PRODUCT","/san-pham/giay-boot-co-cao-dr-martens-da-bo-cao-cap-mau-den-dkg084-duky-store/","/san-pham/giay-boot-co-cao-dr-martens-da-bo-cao-cap-mau-den-dkg084-duky-store","301","0","Disable or point to similar active product"
"cmozmkr7b05ngfot7gx3f0x5j","PRODUCT","/san-pham/giay-boot-co-cao-dr-martens-da-bo-cao-cap-mau-nau-dkg084-duky-store/","/san-pham/giay-boot-co-cao-dr-martens-da-bo-cao-cap-mau-nau-dkg084-duky-store","301","0","Disable or point to similar active product"
"cmozmkree05oqfot7zgw0gevo","PRODUCT","/san-pham/giay-nu-co-thap-jan-boot-da-bo-cao-cap-mau-den-dkg082-duky-store/","/san-pham/giay-nu-co-thap-jan-boot-da-bo-cao-cap-mau-den-dkg082-duky-store","301","0","Disable or point to similar active product"
"cmozmkrl505q0fot7hgylqoy1","PRODUCT","/san-pham/giay-nu-co-thap-jan-boot-da-bo-cao-cap-mau-nau-dkg082-duky-store/","/san-pham/giay-nu-co-thap-jan-boot-da-bo-cao-cap-mau-nau-dkg082-duky-store","301","0","Disable or point to similar active product"
"cmozmkrrv05rbfot7gftqute0","PRODUCT","/san-pham/giay-lolita-nu-cao-9cm-mau-den-da-bong-dkg084-duky-store/","/san-pham/giay-lolita-nu-cao-9cm-mau-den-da-bong-dkg084-duky-store","301","0","Disable or point to similar active product"
"cmozmkrz305smfot7mzzexl1j","PRODUCT","/san-pham/giay-lolita-nu-cao-9cm-mau-den-da-nham-dkg084-duky-store/","/san-pham/giay-lolita-nu-cao-9cm-mau-den-da-nham-dkg084-duky-store","301","0","Disable or point to similar active product"
"cmozmks6005txfot7jnoq0ifi","PRODUCT","/san-pham/giay-lolita-nu-cao-9cm-mau-kem-da-bong-dkg084-duky-store/","/san-pham/giay-lolita-nu-cao-9cm-mau-kem-da-bong-dkg084-duky-store","301","0","Disable or point to similar active product"
"cmozmksd105v5fot7fjiyid7p","PRODUCT","/san-pham/chelsea-boots-nam-de-cao-mui-nhon-dk070-duky-store/","/san-pham/chelsea-boots-nam-de-cao-mui-nhon-dk070-duky-store","301","0","Disable or point to similar active product"
"cmozmkskj05wffot7bqvbmzqb","PRODUCT","/san-pham/chelsea-boots-nam-de-cao-mui-tron-dkb071-duky-store/","/san-pham/chelsea-boots-nam-de-cao-mui-tron-dkb071-duky-store","301","0","Disable or point to similar active product"
"cmozmkss105xtfot76wulai4l","PRODUCT","/san-pham/giay-santiago-boots-da-bo-cao-cap-dkb072-duky-store/","/san-pham/giay-santiago-boots-da-bo-cao-cap-dkb072-duky-store","301","0","Disable or point to similar active product"
"cmozmksz405z4fot7ane3cklz","PRODUCT","/san-pham/boot-nam-jodhpur-boots-da-bo-cao-cap-dkb037-duky-store/","/san-pham/boot-nam-jodhpur-boots-da-bo-cao-cap-dkb037-duky-store","301","0","Disable or point to similar active product"
"cmozmkt65060cfot7cz7yzsk2","PRODUCT","/san-pham/giay-nam-derby-mui-vuong-hoa-tiet-bb-dkb076-duky-store/","/san-pham/giay-nam-derby-mui-vuong-hoa-tiet-bb-dkb076-duky-store","301","0","Disable or point to similar active product"
"cmozmktd9061lfot7ynl11fqa","PRODUCT","/san-pham/giay-nam-co-thap-derby-mix-charme-kim-loai-dkb077-duky-store/","/san-pham/giay-nam-co-thap-derby-mix-charme-kim-loai-dkb077-duky-store","301","0","Disable or point to similar active product"
"cmozmktko062sfot7q47cxxmk","PRODUCT","/san-pham/boot-nam-mui-vuong-co-cao-zip-sau-dkb079-duky-store/","/san-pham/boot-nam-mui-vuong-co-cao-zip-sau-dkb079-duky-store","301","0","Disable or point to similar active product"
"cmozmktrj063zfot79w0tq69q","PRODUCT","/san-pham/boot-nam-combat-vien-kim-loai-co-cao-dkb080-duky-store/","/san-pham/boot-nam-combat-vien-kim-loai-co-cao-dkb080-duky-store","301","0","Disable or point to similar active product"
"cmozmktyu0657fot7352ttguv","PRODUCT","/san-pham/giay-combat-nam-chunky-zip-co-trung-dkb081-duky-store/","/san-pham/giay-combat-nam-chunky-zip-co-trung-dkb081-duky-store","301","0","Disable or point to similar active product"
"cmozmku65066ifot72jqdmbxc","PRODUCT","/san-pham/giay-da-nam-co-thap-derby-mui-tron-dkb082-duky-store/","/san-pham/giay-da-nam-co-thap-derby-mui-tron-dkb082-duky-store","301","0","Disable or point to similar active product"
"cmozmkue1067vfot70lguu0f1","PRODUCT","/san-pham/giay-nu-lolita-mary-jane-10cm-mau-den-da-bong-dkg055-duky-store/","/san-pham/giay-nu-lolita-mary-jane-10cm-mau-den-da-bong-dkg055-duky-store","301","0","Disable or point to similar active product"
"cmozmkul10695fot76ig9c3os","PRODUCT","/san-pham/giay-nu-lolita-mary-jane-10cm-mau-kem-da-nham-dkg055-duky-store/","/san-pham/giay-nu-lolita-mary-jane-10cm-mau-kem-da-nham-dkg055-duky-store","301","0","Disable or point to similar active product"
"cmozmkusg06acfot7rxv9s3md","PRODUCT","/san-pham/giay-loafer-feb-boot-da-bo-cao-cap-de-tron-mzdl-mau-den-dkg085-duky-store/","/san-pham/giay-loafer-feb-boot-da-bo-cao-cap-de-tron-mzdl-mau-den-dkg085-duky-store","301","0","Disable or point to similar active product"
"cmozmkuzo06bkfot7q2c3oeu6","PRODUCT","/san-pham/giay-loafer-feb-boot-da-bo-cao-cap-de-tron-mzdl-mau-nau-dkg085-duky-store/","/san-pham/giay-loafer-feb-boot-da-bo-cao-cap-de-tron-mzdl-mau-nau-dkg085-duky-store","301","0","Disable or point to similar active product"
"cmozmkv6g06crfot7m7qj92cy","PRODUCT","/san-pham/giay-loafer-mar-boot-da-bo-de-cao-6cm-mzdl-mau-den-dkg086-duky-store/","/san-pham/giay-loafer-mar-boot-da-bo-de-cao-6cm-mzdl-mau-den-dkg086-duky-store","301","0","Disable or point to similar active product"
"cmozmkvd006dwfot7cmjmdb3u","PRODUCT","/san-pham/giay-loafer-mar-boot-da-bo-de-cao-6cm-mzdl-mau-nau-dkg086-duky-store/","/san-pham/giay-loafer-mar-boot-da-bo-de-cao-6cm-mzdl-mau-nau-dkg086-duky-store","301","0","Disable or point to similar active product"
"cmozmkvjp06f0fot7cdml5i30","PRODUCT","/san-pham/giay-loafer-april-boot-da-bo-de-4cm-mzdl-mau-den-dkg87-duky-store/","/san-pham/giay-loafer-april-boot-da-bo-de-4cm-mzdl-mau-den-dkg87-duky-store","301","0","Disable or point to similar active product"
"cmozmkvqm06g6fot7s4vppig7","PRODUCT","/san-pham/giay-loafer-april-boot-da-bo-de-4cm-mzdl-mau-nau-dkg87-duky-store/","/san-pham/giay-loafer-april-boot-da-bo-de-4cm-mzdl-mau-nau-dkg87-duky-store","301","0","Disable or point to similar active product"
"cmozmkvxh06hdfot7d9epbyf0","PRODUCT","/san-pham/giay-boot-nu-co-thap-may-boot-da-bo-de-cao-su-mzdl-mau-den-dkg088-duky-store/","/san-pham/giay-boot-nu-co-thap-may-boot-da-bo-de-cao-su-mzdl-mau-den-dkg088-duky-store","301","0","Disable or point to similar active product"
"cmozmkw4d06iifot729e3l02i","PRODUCT","/san-pham/giay-boot-nu-co-thap-may-boot-da-bo-de-cao-su-mzdl-mau-nau-dkg088-duky-store/","/san-pham/giay-boot-nu-co-thap-may-boot-da-bo-de-cao-su-mzdl-mau-nau-dkg088-duky-store","301","0","Disable or point to similar active product"
"cmozmkwbh06jrfot77syphhdn","PRODUCT","/san-pham/giay-boot-nu-co-thap-jun-boot-da-bo-de-cao-su-6cm-mzdl-mau-den-dkg089-duky-store/","/san-pham/giay-boot-nu-co-thap-jun-boot-da-bo-de-cao-su-6cm-mzdl-mau-den-dkg089-duky-store","301","0","Disable or point to similar active product"
"cmpay2ygi000xl0t7e4ani6if","PRODUCT","/san-pham/boot-nu-zip-10cm/","/san-pham/boot-nu-zip-10cm","301","0","Disable or point to similar active product"
"cmpfbvtgc004dbkt7kvw1suog","BLOG_POST","/15-cach-phoi-do-voi-giay-boot-cao-co","/blog/15-cach-phoi-do-voi-giay-boot-cao-co","301","0","Disable or point to blog home / active article"
"cmpfbtqq4000mbkt743ctf6py","BLOG_POST","/cach-chon-giay-boot-nu-phu-hop","/blog/cach-chon-giay-boot-nu-phu-hop","301","0","Disable or point to blog home / active article"
"cmpfbtvli000wbkt78mqavpag","BLOG_POST","/boot-cho-nang-chan-ngan","/blog/boot-cho-nang-chan-ngan","301","0","Disable or point to blog home / active article"
"cmpfbu15p0017bkt77utn2isa","BLOG_POST","/cac-loai-giay-boot-nu-duoc-ua-chuong-nhat-hien-nay","/blog/cac-loai-giay-boot-nu-duoc-ua-chuong-nhat-hien-nay","301","0","Disable or point to blog home / active article"
"cmpfbu95k001nbkt7xmc14tvs","BLOG_POST","/cach-phoi-do-voi-giay-boot-nu","/blog/cach-phoi-do-voi-giay-boot-nu","301","0","Disable or point to blog home / active article"
"cmpfbuhkn0022bkt7aaqmao35","BLOG_POST","/top-nhung-doi-giay-boot-dep-va-ca-tinh","/blog/top-nhung-doi-giay-boot-dep-va-ca-tinh","301","0","Disable or point to blog home / active article"
"cmpfbuoo2002ebkt7aagbrkt6","BLOG_POST","/phoi-do-voi-giay-boots-nu-co-ngan","/blog/phoi-do-voi-giay-boots-nu-co-ngan","301","0","Disable or point to blog home / active article"
"cmpfbuvr0002nbkt7my4ujno1","BLOG_POST","/phoi-do-voi-boots-cao-co-nu","/blog/phoi-do-voi-boots-cao-co-nu","301","0","Disable or point to blog home / active article"
"cmpfbv1yf0030bkt70oxinuew","BLOG_POST","/giay-boot-nu-the-thao-nang-dong","/blog/giay-boot-nu-the-thao-nang-dong","301","0","Disable or point to blog home / active article"
"cmpfbv8ln003cbkt7cep64mgs","BLOG_POST","/cach-phoi-giay-boot-nu","/blog/cach-phoi-giay-boot-nu","301","0","Disable or point to blog home / active article"
"cmpfbvfgw003obkt72b66dr52","BLOG_POST","/cach-bao-quan-giay-boot","/blog/cach-bao-quan-giay-boot","301","0","Disable or point to blog home / active article"
"cmpfbw2be004nbkt7iba6ec3p","BLOG_POST","/goi-y-phoi-do-voi-boot-trang","/blog/goi-y-phoi-do-voi-boot-trang","301","0","Disable or point to blog home / active article"
"cmpfbwb63004zbkt79l07sfwt","BLOG_POST","/15-cach-mix-do-voi-giay-martens","/blog/15-cach-mix-do-voi-giay-martens","301","0","Disable or point to blog home / active article"
"cmpfbwjd4005hbkt7golgo217","BLOG_POST","/giay-da-lon-va-cach-ve-sinh","/blog/giay-da-lon-va-cach-ve-sinh","301","0","Disable or point to blog home / active article"
"cmpfbws7k005vbkt7daaedqlh","BLOG_POST","/giay-boot-nam-pho-bien-hien-nay","/blog/giay-boot-nam-pho-bien-hien-nay","301","0","Disable or point to blog home / active article"
"cmpfceq5400im64t72eu8pw1f","BLOG_POST","/tu-san-khau-thoi-trang-den-con-duong-phong-cach-ca-nhan-5mau-giay-boot-dua-ban-den-mot-cau-chuyen-day-me-hoac-va-hap-dan","/blog/tu-san-khau-thoi-trang-den-con-duong-phong-cach-ca-nhan-5mau-giay-boot-dua-ban-den-mot-cau-chuyen-day-me-hoac-va-hap-dan","301","0","Disable or point to blog home / active article"
"cmpfcezeq00j464t7z178nf64","BLOG_POST","/mary-jane-giay-co-dien-phoi-do-hien-dai","/blog/mary-jane-giay-co-dien-phoi-do-hien-dai","301","0","Disable or point to blog home / active article"
"cmpfcgsib00n064t7odkf2e7q","BLOG_POST","/boot-nu-cho-phai-dep","/blog/boot-nu-cho-phai-dep","301","0","Disable or point to blog home / active article"
"cmpfchd1c00o664t7c5tmhhue","BLOG_POST","/buoc-di-voi-giay-jodhpur-vi-moi-hanh-trinh-deu-xung-dang-duoc-tran-trong-gioi-thieu-ve-giay-jodhpur","/blog/buoc-di-voi-giay-jodhpur-vi-moi-hanh-trinh-deu-xung-dang-duoc-tran-trong-gioi-thieu-ve-giay-jodhpur","301","0","Disable or point to blog home / active article"
"cmpfchtsp00p664t7a3twcv69","BLOG_POST","/tai-sao-giay-derby-luon-la-lua-chon-hang-dau-cho-quy-ong","/blog/tai-sao-giay-derby-luon-la-lua-chon-hang-dau-cho-quy-ong","301","0","Disable or point to blog home / active article"
"cmpfcihu000qk64t7l0znvel8","BLOG_POST","/phong-cach-dinh-cao-voi-ao-blazer-cap-nhat-xu-huong-2025","/blog/phong-cach-dinh-cao-voi-ao-blazer-cap-nhat-xu-huong-2025","301","0","Disable or point to blog home / active article"
"cmpfcizi000ro64t7p2yjbqwv","BLOG_POST","/ao-polo-nam-su-lua-chon-hoan-hao-cho-phong-cach-va-tien-dung","/blog/ao-polo-nam-su-lua-chon-hoan-hao-cho-phong-cach-va-tien-dung","301","0","Disable or point to blog home / active article"
"cmpfcjkq200sr64t7w5dpjgox","BLOG_POST","/cach-phoi-do-voi-chan-vay-da-xep-ly-bi-quyet-tao-nen-outfit-sanh-dieu","/blog/cach-phoi-do-voi-chan-vay-da-xep-ly-bi-quyet-tao-nen-outfit-sanh-dieu","301","0","Disable or point to blog home / active article"
"cmpfcjtc400t964t7s1br2jw0","BLOG_POST","/ao-so-mi-tay-ngan-su-lua-chon-hoan-hao-cho-phong-cach-thanh-lich-va-thoai-mai","/blog/ao-so-mi-tay-ngan-su-lua-chon-hoan-hao-cho-phong-cach-thanh-lich-va-thoai-mai","301","0","Disable or point to blog home / active article"
"cmpfcjxau00ti64t76l1yzzgp","BLOG_POST","/giay-luoi-phong-cach-thoai-mai-va-thanh-lich","/blog/giay-luoi-phong-cach-thoai-mai-va-thanh-lich","301","0","Disable or point to blog home / active article"
"cmpfckdtx00uf64t7328vi2z4","BLOG_POST","/cach-bao-quan-ao-khoac-da-dung-cach","/blog/cach-bao-quan-ao-khoac-da-dung-cach","301","0","Disable or point to blog home / active article"